{"v":"5.4.3","fr":29.9700012207031,"ip":0,"op":158.000006435472,"w":480,"h":300,"nm":"Drops loader","ddd":0,"assets":[],"layers":[{"ddd":0,"ind":1,"ty":4,"nm":"Shape Layer 10","parent":20,"sr":1,"ks":{"o":{"a":0,"k":100,"ix":11},"r":{"a":0,"k":180,"ix":10},"p":{"a":0,"k":[-5.867,-0.298,0],"ix":2},"a":{"a":0,"k":[0,0,0],"ix":1},"s":{"a":0,"k":[111.687,66.057,100],"ix":6}},"ao":0,"shapes":[{"ty":"gr","it":[{"ind":0,"ty":"sh","ix":1,"ks":{"a":1,"k":[{"i":{"x":0.833,"y":0.833},"o":{"x":1,"y":1},"n":"0p833_0p833_1_1","t":144,"s":[{"i":[[0,29.837],[0,-28.864],[0,12.824]],"o":[[0,29.458],[0,-28.864],[0,-12.824]],"v":[[55.75,-54.75],[56,54.25],[49.567,0.759]],"c":true}],"e":[{"i":[[0,29.837],[0,-28.864],[0,12.824]],"o":[[0,29.458],[0,-28.864],[0,-12.824]],"v":[[55.75,-54.75],[56,54.25],[60.356,0.687]],"c":true}]},{"i":{"x":0.833,"y":0.833},"o":{"x":1,"y":1},"n":"0p833_0p833_1_1","t":145,"s":[{"i":[[0,29.837],[0,-28.864],[0,12.824]],"o":[[0,29.458],[0,-28.864],[0,-12.824]],"v":[[55.75,-54.75],[56,54.25],[60.356,0.687]],"c":true}],"e":[{"i":[[0,29.837],[0,-28.864],[0,12.824]],"o":[[0,29.458],[0,-28.864],[0,-12.824]],"v":[[55.75,-54.75],[56,54.25],[63.092,-1.535]],"c":true}]},{"i":{"x":0.833,"y":0.833},"o":{"x":1,"y":1},"n":"0p833_0p833_1_1","t":146,"s":[{"i":[[0,29.837],[0,-28.864],[0,12.824]],"o":[[0,29.458],[0,-28.864],[0,-12.824]],"v":[[55.75,-54.75],[56,54.25],[63.092,-1.535]],"c":true}],"e":[{"i":[[0,29.837],[0,-28.864],[0,12.824]],"o":[[0,29.458],[0,-28.864],[0,-12.824]],"v":[[55.75,-54.75],[56,54.25],[48.158,-1.596]],"c":true}]},{"t":151.000006150356}],"ix":2},"nm":"Path 1","mn":"ADBE Vector Shape - Group","hd":false},{"ty":"fl","c":{"a":0,"k":[1,0.784,0,1],"ix":4},"o":{"a":0,"k":100,"ix":5},"r":1,"bm":0,"nm":"Fill 1","mn":"ADBE Vector Graphic - Fill","hd":false},{"ty":"tr","p":{"a":0,"k":[0,0],"ix":2},"a":{"a":0,"k":[0,0],"ix":1},"s":{"a":0,"k":[100,100],"ix":3},"r":{"a":0,"k":0,"ix":6},"o":{"a":0,"k":100,"ix":7},"sk":{"a":0,"k":0,"ix":4},"sa":{"a":0,"k":0,"ix":5},"nm":"Transform"}],"nm":"Shape 1","np":3,"cix":2,"bm":0,"ix":1,"mn":"ADBE Vector Group","hd":false}],"ip":144.00000586524,"op":151.000006150356,"st":129.000005254278,"bm":0},{"ddd":0,"ind":2,"ty":4,"nm":"Shape Layer 14","parent":20,"sr":1,"ks":{"o":{"a":0,"k":100,"ix":11},"r":{"a":0,"k":180,"ix":10},"p":{"a":0,"k":[-5.867,-0.298,0],"ix":2},"a":{"a":0,"k":[0,0,0],"ix":1},"s":{"a":0,"k":[111.687,66.057,100],"ix":6}},"ao":0,"shapes":[{"ty":"gr","it":[{"ind":0,"ty":"sh","ix":1,"ks":{"a":1,"k":[{"i":{"x":0.833,"y":0.833},"o":{"x":1,"y":1},"n":"0p833_0p833_1_1","t":-3,"s":[{"i":[[0,29.837],[0,-28.864],[0,12.824]],"o":[[0,29.458],[0,-28.864],[0,-12.824]],"v":[[55.75,-54.75],[56,54.25],[49.567,0.759]],"c":true}],"e":[{"i":[[0,29.837],[0,-28.864],[0,12.824]],"o":[[0,29.458],[0,-28.864],[0,-12.824]],"v":[[55.75,-54.75],[56,54.25],[60.356,0.687]],"c":true}]},{"i":{"x":0.833,"y":0.833},"o":{"x":1,"y":1},"n":"0p833_0p833_1_1","t":-2,"s":[{"i":[[0,29.837],[0,-28.864],[0,12.824]],"o":[[0,29.458],[0,-28.864],[0,-12.824]],"v":[[55.75,-54.75],[56,54.25],[60.356,0.687]],"c":true}],"e":[{"i":[[0,29.837],[0,-28.864],[0,12.824]],"o":[[0,29.458],[0,-28.864],[0,-12.824]],"v":[[55.75,-54.75],[56,54.25],[63.092,-1.535]],"c":true}]},{"i":{"x":0.833,"y":0.833},"o":{"x":1,"y":1},"n":"0p833_0p833_1_1","t":-1,"s":[{"i":[[0,29.837],[0,-28.864],[0,12.824]],"o":[[0,29.458],[0,-28.864],[0,-12.824]],"v":[[55.75,-54.75],[56,54.25],[63.092,-1.535]],"c":true}],"e":[{"i":[[0,29.837],[0,-28.864],[0,12.824]],"o":[[0,29.458],[0,-28.864],[0,-12.824]],"v":[[55.75,-54.75],[56,54.25],[48.158,-1.596]],"c":true}]},{"t":4.00000016292334}],"ix":2},"nm":"Path 1","mn":"ADBE Vector Shape - Group","hd":false},{"ty":"fl","c":{"a":0,"k":[1,0.784,0,1],"ix":4},"o":{"a":0,"k":100,"ix":5},"r":1,"bm":0,"nm":"Fill 1","mn":"ADBE Vector Graphic - Fill","hd":false},{"ty":"tr","p":{"a":0,"k":[0,0],"ix":2},"a":{"a":0,"k":[0,0],"ix":1},"s":{"a":0,"k":[100,100],"ix":3},"r":{"a":0,"k":0,"ix":6},"o":{"a":0,"k":100,"ix":7},"sk":{"a":0,"k":0,"ix":4},"sa":{"a":0,"k":0,"ix":5},"nm":"Transform"}],"nm":"Shape 1","np":3,"cix":2,"bm":0,"ix":1,"mn":"ADBE Vector Group","hd":false}],"ip":0,"op":4.00000016292334,"st":-18.000000733155,"bm":0},{"ddd":0,"ind":3,"ty":4,"nm":"Shape Layer 9","parent":20,"sr":1,"ks":{"o":{"a":0,"k":100,"ix":11},"r":{"a":0,"k":180,"ix":10},"p":{"a":0,"k":[-5.867,-0.298,0],"ix":2},"a":{"a":0,"k":[0,0,0],"ix":1},"s":{"a":0,"k":[111.687,66.057,100],"ix":6}},"ao":0,"shapes":[{"ty":"gr","it":[{"ind":0,"ty":"sh","ix":1,"ks":{"a":1,"k":[{"i":{"x":0.833,"y":0.833},"o":{"x":1,"y":1},"n":"0p833_0p833_1_1","t":155,"s":[{"i":[[0,29.837],[0,-28.864],[0,12.824]],"o":[[0,29.458],[0,-28.864],[0,-12.824]],"v":[[55.75,-54.75],[56,54.25],[49.567,0.759]],"c":true}],"e":[{"i":[[0,29.837],[0,-28.864],[0,12.824]],"o":[[0,29.458],[0,-28.864],[0,-12.824]],"v":[[55.75,-54.75],[56,54.25],[60.356,0.687]],"c":true}]},{"i":{"x":0.833,"y":0.833},"o":{"x":1,"y":1},"n":"0p833_0p833_1_1","t":156,"s":[{"i":[[0,29.837],[0,-28.864],[0,12.824]],"o":[[0,29.458],[0,-28.864],[0,-12.824]],"v":[[55.75,-54.75],[56,54.25],[60.356,0.687]],"c":true}],"e":[{"i":[[0,29.837],[0,-28.864],[0,12.824]],"o":[[0,29.458],[0,-28.864],[0,-12.824]],"v":[[55.75,-54.75],[56,54.25],[63.092,-1.535]],"c":true}]},{"i":{"x":0.833,"y":0.833},"o":{"x":1,"y":1},"n":"0p833_0p833_1_1","t":157,"s":[{"i":[[0,29.837],[0,-28.864],[0,12.824]],"o":[[0,29.458],[0,-28.864],[0,-12.824]],"v":[[55.75,-54.75],[56,54.25],[63.092,-1.535]],"c":true}],"e":[{"i":[[0,29.837],[0,-28.864],[0,12.824]],"o":[[0,29.458],[0,-28.864],[0,-12.824]],"v":[[55.75,-54.75],[56,54.25],[48.158,-1.596]],"c":true}]},{"t":162.000006598395}],"ix":2},"nm":"Path 1","mn":"ADBE Vector Shape - Group","hd":false},{"ty":"fl","c":{"a":0,"k":[1,0.784,0,1],"ix":4},"o":{"a":0,"k":100,"ix":5},"r":1,"bm":0,"nm":"Fill 1","mn":"ADBE Vector Graphic - Fill","hd":false},{"ty":"tr","p":{"a":0,"k":[0,0],"ix":2},"a":{"a":0,"k":[0,0],"ix":1},"s":{"a":0,"k":[100,100],"ix":3},"r":{"a":0,"k":0,"ix":6},"o":{"a":0,"k":100,"ix":7},"sk":{"a":0,"k":0,"ix":4},"sa":{"a":0,"k":0,"ix":5},"nm":"Transform"}],"nm":"Shape 1","np":3,"cix":2,"bm":0,"ix":1,"mn":"ADBE Vector Group","hd":false}],"ip":155.000006313279,"op":158.000006435472,"st":140.000005702317,"bm":0},{"ddd":0,"ind":4,"ty":4,"nm":"Shape Layer 4","parent":20,"sr":1,"ks":{"o":{"a":0,"k":100,"ix":11},"r":{"a":0,"k":180,"ix":10},"p":{"a":0,"k":[1.285,-0.303,0],"ix":2},"a":{"a":0,"k":[0,0,0],"ix":1},"s":{"a":0,"k":[113.72,113.72,100],"ix":6}},"ao":0,"shapes":[{"ty":"gr","it":[{"ind":0,"ty":"sh","ix":1,"ks":{"a":1,"k":[{"i":{"x":0.833,"y":0.833},"o":{"x":0.167,"y":0.167},"n":"0p833_0p833_0p167_0p167","t":102,"s":[{"i":[[0,0],[0,0],[0,14]],"o":[[0,0],[0,0],[0,-14]],"v":[[55.75,-54.75],[56,54.25],[65.033,-1.659]],"c":true}],"e":[{"i":[[0,0],[0,0],[0,14]],"o":[[0,0],[0,0],[0,-14]],"v":[[55.75,-54.75],[56,54.25],[74.068,-1.63]],"c":true}]},{"i":{"x":0.833,"y":0.833},"o":{"x":0.167,"y":0.167},"n":"0p833_0p833_0p167_0p167","t":103,"s":[{"i":[[0,0],[0,0],[0,14]],"o":[[0,0],[0,0],[0,-14]],"v":[[55.75,-54.75],[56,54.25],[74.068,-1.63]],"c":true}],"e":[{"i":[[0,0],[0,0],[0,14]],"o":[[0,0],[0,0],[0,-14]],"v":[[55.75,-54.75],[56,54.25],[85.269,-1.524]],"c":true}]},{"i":{"x":0.833,"y":0.833},"o":{"x":0.167,"y":0.167},"n":"0p833_0p833_0p167_0p167","t":104,"s":[{"i":[[0,0],[0,0],[0,14]],"o":[[0,0],[0,0],[0,-14]],"v":[[55.75,-54.75],[56,54.25],[85.269,-1.524]],"c":true}],"e":[{"i":[[0,0],[0,0],[0,14]],"o":[[0,0],[0,0],[0,-14]],"v":[[55.75,-54.75],[56,54.25],[100.492,-1.496]],"c":true}]},{"i":{"x":0.833,"y":0.833},"o":{"x":0.167,"y":0.167},"n":"0p833_0p833_0p167_0p167","t":105,"s":[{"i":[[0,0],[0,0],[0,14]],"o":[[0,0],[0,0],[0,-14]],"v":[[55.75,-54.75],[56,54.25],[100.492,-1.496]],"c":true}],"e":[{"i":[[0,0],[0,0],[0,14]],"o":[[0,0],[0,0],[0,-14]],"v":[[55.75,-54.75],[56,54.25],[104.25,-1.5]],"c":true}]},{"i":{"x":0.741,"y":1},"o":{"x":1,"y":1},"n":"0p741_1_1_1","t":111,"s":[{"i":[[0,0],[0,0],[0,14]],"o":[[0,0],[0,0],[0,-14]],"v":[[55.75,-54.75],[56,54.25],[104.25,-1.5]],"c":true}],"e":[{"i":[[0,0],[0,0],[0,14]],"o":[[0,0],[0,0],[0,-14]],"v":[[55.75,-54.75],[56,54.25],[60.161,-1.496]],"c":true}]},{"t":116.000004724777}],"ix":2},"nm":"Path 1","mn":"ADBE Vector Shape - Group","hd":false},{"ty":"fl","c":{"a":0,"k":[1,0.784,0,1],"ix":4},"o":{"a":0,"k":100,"ix":5},"r":1,"bm":0,"nm":"Fill 1","mn":"ADBE Vector Graphic - Fill","hd":false},{"ty":"tr","p":{"a":0,"k":[0,0],"ix":2},"a":{"a":0,"k":[0,0],"ix":1},"s":{"a":0,"k":[100,100],"ix":3},"r":{"a":0,"k":0,"ix":6},"o":{"a":0,"k":100,"ix":7},"sk":{"a":0,"k":0,"ix":4},"sa":{"a":0,"k":0,"ix":5},"nm":"Transform"}],"nm":"Shape 1","np":3,"cix":2,"bm":0,"ix":1,"mn":"ADBE Vector Group","hd":false}],"ip":102.000004154545,"op":117.000004765508,"st":94.0000038286985,"bm":0},{"ddd":0,"ind":5,"ty":4,"nm":"Shape Layer 3","parent":20,"sr":1,"ks":{"o":{"a":0,"k":100,"ix":11},"r":{"a":0,"k":180,"ix":10},"p":{"a":0,"k":[1.285,-0.303,0],"ix":2},"a":{"a":0,"k":[0,0,0],"ix":1},"s":{"a":0,"k":[113.72,113.72,100],"ix":6}},"ao":0,"shapes":[{"ty":"gr","it":[{"ind":0,"ty":"sh","ix":1,"ks":{"a":1,"k":[{"i":{"x":0.833,"y":0.833},"o":{"x":0.167,"y":0.167},"n":"0p833_0p833_0p167_0p167","t":85,"s":[{"i":[[0,0],[0,0],[0,14]],"o":[[0,0],[0,0],[0,-14]],"v":[[55.75,-54.75],[56,54.25],[65.033,-1.659]],"c":true}],"e":[{"i":[[0,0],[0,0],[0,14]],"o":[[0,0],[0,0],[0,-14]],"v":[[55.75,-54.75],[56,54.25],[74.068,-1.63]],"c":true}]},{"i":{"x":0.833,"y":0.833},"o":{"x":0.167,"y":0.167},"n":"0p833_0p833_0p167_0p167","t":86,"s":[{"i":[[0,0],[0,0],[0,14]],"o":[[0,0],[0,0],[0,-14]],"v":[[55.75,-54.75],[56,54.25],[74.068,-1.63]],"c":true}],"e":[{"i":[[0,0],[0,0],[0,14]],"o":[[0,0],[0,0],[0,-14]],"v":[[55.75,-54.75],[56,54.25],[85.269,-1.524]],"c":true}]},{"i":{"x":0.833,"y":0.833},"o":{"x":0.167,"y":0.167},"n":"0p833_0p833_0p167_0p167","t":87,"s":[{"i":[[0,0],[0,0],[0,14]],"o":[[0,0],[0,0],[0,-14]],"v":[[55.75,-54.75],[56,54.25],[85.269,-1.524]],"c":true}],"e":[{"i":[[0,0],[0,0],[0,14]],"o":[[0,0],[0,0],[0,-14]],"v":[[55.75,-54.75],[56,54.25],[100.492,-1.496]],"c":true}]},{"i":{"x":0.833,"y":0.833},"o":{"x":0.167,"y":0.167},"n":"0p833_0p833_0p167_0p167","t":88,"s":[{"i":[[0,0],[0,0],[0,14]],"o":[[0,0],[0,0],[0,-14]],"v":[[55.75,-54.75],[56,54.25],[100.492,-1.496]],"c":true}],"e":[{"i":[[0,0],[0,0],[0,14]],"o":[[0,0],[0,0],[0,-14]],"v":[[55.75,-54.75],[56,54.25],[104.25,-1.5]],"c":true}]},{"i":{"x":0.741,"y":1},"o":{"x":1,"y":1},"n":"0p741_1_1_1","t":94,"s":[{"i":[[0,0],[0,0],[0,14]],"o":[[0,0],[0,0],[0,-14]],"v":[[55.75,-54.75],[56,54.25],[104.25,-1.5]],"c":true}],"e":[{"i":[[0,0],[0,0],[0,14]],"o":[[0,0],[0,0],[0,-14]],"v":[[55.75,-54.75],[56,54.25],[60.161,-1.496]],"c":true}]},{"t":99.0000040323527}],"ix":2},"nm":"Path 1","mn":"ADBE Vector Shape - Group","hd":false},{"ty":"fl","c":{"a":0,"k":[1,0.784,0,1],"ix":4},"o":{"a":0,"k":100,"ix":5},"r":1,"bm":0,"nm":"Fill 1","mn":"ADBE Vector Graphic - Fill","hd":false},{"ty":"tr","p":{"a":0,"k":[0,0],"ix":2},"a":{"a":0,"k":[0,0],"ix":1},"s":{"a":0,"k":[100,100],"ix":3},"r":{"a":0,"k":0,"ix":6},"o":{"a":0,"k":100,"ix":7},"sk":{"a":0,"k":0,"ix":4},"sa":{"a":0,"k":0,"ix":5},"nm":"Transform"}],"nm":"Shape 1","np":3,"cix":2,"bm":0,"ix":1,"mn":"ADBE Vector Group","hd":false}],"ip":85.000003462121,"op":100.000004073084,"st":77.0000031362743,"bm":0},{"ddd":0,"ind":6,"ty":4,"nm":"Shape Layer 8","parent":20,"sr":1,"ks":{"o":{"a":0,"k":100,"ix":11},"r":{"a":0,"k":0,"ix":10},"p":{"a":0,"k":[3.009,-0.298,0],"ix":2},"a":{"a":0,"k":[0,0,0],"ix":1},"s":{"a":0,"k":[111.687,66.057,100],"ix":6}},"ao":0,"shapes":[{"ty":"gr","it":[{"ind":0,"ty":"sh","ix":1,"ks":{"a":1,"k":[{"i":{"x":0.833,"y":0.833},"o":{"x":1,"y":1},"n":"0p833_0p833_1_1","t":67,"s":[{"i":[[0,29.837],[0,-28.864],[0,12.824]],"o":[[0,29.458],[0,-28.864],[0,-12.824]],"v":[[55.75,-54.75],[56,54.25],[49.567,0.759]],"c":true}],"e":[{"i":[[0,29.837],[0,-28.864],[0,12.824]],"o":[[0,29.458],[0,-28.864],[0,-12.824]],"v":[[55.75,-54.75],[56,54.25],[60.356,0.687]],"c":true}]},{"i":{"x":0.833,"y":0.833},"o":{"x":1,"y":1},"n":"0p833_0p833_1_1","t":68,"s":[{"i":[[0,29.837],[0,-28.864],[0,12.824]],"o":[[0,29.458],[0,-28.864],[0,-12.824]],"v":[[55.75,-54.75],[56,54.25],[60.356,0.687]],"c":true}],"e":[{"i":[[0,29.837],[0,-28.864],[0,12.824]],"o":[[0,29.458],[0,-28.864],[0,-12.824]],"v":[[55.75,-54.75],[56,54.25],[63.092,-1.535]],"c":true}]},{"i":{"x":0.833,"y":0.833},"o":{"x":1,"y":1},"n":"0p833_0p833_1_1","t":69,"s":[{"i":[[0,29.837],[0,-28.864],[0,12.824]],"o":[[0,29.458],[0,-28.864],[0,-12.824]],"v":[[55.75,-54.75],[56,54.25],[63.092,-1.535]],"c":true}],"e":[{"i":[[0,29.837],[0,-28.864],[0,12.824]],"o":[[0,29.458],[0,-28.864],[0,-12.824]],"v":[[55.75,-54.75],[56,54.25],[48.158,-1.596]],"c":true}]},{"t":74.0000030140818}],"ix":2},"nm":"Path 1","mn":"ADBE Vector Shape - Group","hd":false},{"ty":"fl","c":{"a":0,"k":[1,0.784,0,1],"ix":4},"o":{"a":0,"k":100,"ix":5},"r":1,"bm":0,"nm":"Fill 1","mn":"ADBE Vector Graphic - Fill","hd":false},{"ty":"tr","p":{"a":0,"k":[0,0],"ix":2},"a":{"a":0,"k":[0,0],"ix":1},"s":{"a":0,"k":[100,100],"ix":3},"r":{"a":0,"k":0,"ix":6},"o":{"a":0,"k":100,"ix":7},"sk":{"a":0,"k":0,"ix":4},"sa":{"a":0,"k":0,"ix":5},"nm":"Transform"}],"nm":"Shape 1","np":3,"cix":2,"bm":0,"ix":1,"mn":"ADBE Vector Group","hd":false}],"ip":67.0000027289659,"op":74.0000030140818,"st":52.0000021180034,"bm":0},{"ddd":0,"ind":7,"ty":4,"nm":"Shape Layer 7","parent":20,"sr":1,"ks":{"o":{"a":0,"k":100,"ix":11},"r":{"a":0,"k":0,"ix":10},"p":{"a":0,"k":[3.009,-0.298,0],"ix":2},"a":{"a":0,"k":[0,0,0],"ix":1},"s":{"a":0,"k":[111.687,66.057,100],"ix":6}},"ao":0,"shapes":[{"ty":"gr","it":[{"ind":0,"ty":"sh","ix":1,"ks":{"a":1,"k":[{"i":{"x":0.833,"y":0.833},"o":{"x":1,"y":1},"n":"0p833_0p833_1_1","t":78,"s":[{"i":[[0,29.837],[0,-28.864],[0,12.824]],"o":[[0,29.458],[0,-28.864],[0,-12.824]],"v":[[55.75,-54.75],[56,54.25],[49.567,0.759]],"c":true}],"e":[{"i":[[0,29.837],[0,-28.864],[0,12.824]],"o":[[0,29.458],[0,-28.864],[0,-12.824]],"v":[[55.75,-54.75],[56,54.25],[60.356,0.687]],"c":true}]},{"i":{"x":0.833,"y":0.833},"o":{"x":1,"y":1},"n":"0p833_0p833_1_1","t":79,"s":[{"i":[[0,29.837],[0,-28.864],[0,12.824]],"o":[[0,29.458],[0,-28.864],[0,-12.824]],"v":[[55.75,-54.75],[56,54.25],[60.356,0.687]],"c":true}],"e":[{"i":[[0,29.837],[0,-28.864],[0,12.824]],"o":[[0,29.458],[0,-28.864],[0,-12.824]],"v":[[55.75,-54.75],[56,54.25],[63.092,-1.535]],"c":true}]},{"i":{"x":0.833,"y":0.833},"o":{"x":1,"y":1},"n":"0p833_0p833_1_1","t":80,"s":[{"i":[[0,29.837],[0,-28.864],[0,12.824]],"o":[[0,29.458],[0,-28.864],[0,-12.824]],"v":[[55.75,-54.75],[56,54.25],[63.092,-1.535]],"c":true}],"e":[{"i":[[0,29.837],[0,-28.864],[0,12.824]],"o":[[0,29.458],[0,-28.864],[0,-12.824]],"v":[[55.75,-54.75],[56,54.25],[48.158,-1.596]],"c":true}]},{"t":85.000003462121}],"ix":2},"nm":"Path 1","mn":"ADBE Vector Shape - Group","hd":false},{"ty":"fl","c":{"a":0,"k":[1,0.784,0,1],"ix":4},"o":{"a":0,"k":100,"ix":5},"r":1,"bm":0,"nm":"Fill 1","mn":"ADBE Vector Graphic - Fill","hd":false},{"ty":"tr","p":{"a":0,"k":[0,0],"ix":2},"a":{"a":0,"k":[0,0],"ix":1},"s":{"a":0,"k":[100,100],"ix":3},"r":{"a":0,"k":0,"ix":6},"o":{"a":0,"k":100,"ix":7},"sk":{"a":0,"k":0,"ix":4},"sa":{"a":0,"k":0,"ix":5},"nm":"Transform"}],"nm":"Shape 1","np":3,"cix":2,"bm":0,"ix":1,"mn":"ADBE Vector Group","hd":false}],"ip":78.0000031770051,"op":85.000003462121,"st":63.0000025660426,"bm":0},{"ddd":0,"ind":8,"ty":4,"nm":"Shape Layer 2","parent":20,"sr":1,"ks":{"o":{"a":0,"k":100,"ix":11},"r":{"a":0,"k":0,"ix":10},"p":{"a":0,"k":[-1.488,-0.298,0],"ix":2},"a":{"a":0,"k":[0,0,0],"ix":1},"s":{"a":0,"k":[111.687,111.687,100],"ix":6}},"ao":0,"shapes":[{"ty":"gr","it":[{"ind":0,"ty":"sh","ix":1,"ks":{"a":1,"k":[{"i":{"x":0.833,"y":0.833},"o":{"x":0.167,"y":0.167},"n":"0p833_0p833_0p167_0p167","t":25,"s":[{"i":[[0,0],[0,0],[0,14]],"o":[[0,0],[0,0],[0,-14]],"v":[[55.75,-54.75],[56,54.25],[65.033,-1.659]],"c":true}],"e":[{"i":[[0,0],[0,0],[0,14]],"o":[[0,0],[0,0],[0,-14]],"v":[[55.75,-54.75],[56,54.25],[74.068,-1.63]],"c":true}]},{"i":{"x":0.833,"y":0.833},"o":{"x":0.167,"y":0.167},"n":"0p833_0p833_0p167_0p167","t":26,"s":[{"i":[[0,0],[0,0],[0,14]],"o":[[0,0],[0,0],[0,-14]],"v":[[55.75,-54.75],[56,54.25],[74.068,-1.63]],"c":true}],"e":[{"i":[[0,0],[0,0],[0,14]],"o":[[0,0],[0,0],[0,-14]],"v":[[55.75,-54.75],[56,54.25],[85.269,-1.524]],"c":true}]},{"i":{"x":0.833,"y":0.833},"o":{"x":0.167,"y":0.167},"n":"0p833_0p833_0p167_0p167","t":27,"s":[{"i":[[0,0],[0,0],[0,14]],"o":[[0,0],[0,0],[0,-14]],"v":[[55.75,-54.75],[56,54.25],[85.269,-1.524]],"c":true}],"e":[{"i":[[0,0],[0,0],[0,14]],"o":[[0,0],[0,0],[0,-14]],"v":[[55.75,-54.75],[56,54.25],[100.492,-1.496]],"c":true}]},{"i":{"x":0.833,"y":0.833},"o":{"x":0.167,"y":0.167},"n":"0p833_0p833_0p167_0p167","t":28,"s":[{"i":[[0,0],[0,0],[0,14]],"o":[[0,0],[0,0],[0,-14]],"v":[[55.75,-54.75],[56,54.25],[100.492,-1.496]],"c":true}],"e":[{"i":[[0,0],[0,0],[0,14]],"o":[[0,0],[0,0],[0,-14]],"v":[[55.75,-54.75],[56,54.25],[104.25,-1.5]],"c":true}]},{"i":{"x":0.741,"y":1},"o":{"x":1,"y":1},"n":"0p741_1_1_1","t":34,"s":[{"i":[[0,0],[0,0],[0,14]],"o":[[0,0],[0,0],[0,-14]],"v":[[55.75,-54.75],[56,54.25],[104.25,-1.5]],"c":true}],"e":[{"i":[[0,0],[0,0],[0,14]],"o":[[0,0],[0,0],[0,-14]],"v":[[55.75,-54.75],[56,54.25],[60.161,-1.496]],"c":true}]},{"t":39.0000015885026}],"ix":2},"nm":"Path 1","mn":"ADBE Vector Shape - Group","hd":false},{"ty":"fl","c":{"a":0,"k":[1,0.784,0,1],"ix":4},"o":{"a":0,"k":100,"ix":5},"r":1,"bm":0,"nm":"Fill 1","mn":"ADBE Vector Graphic - Fill","hd":false},{"ty":"tr","p":{"a":0,"k":[0,0],"ix":2},"a":{"a":0,"k":[0,0],"ix":1},"s":{"a":0,"k":[100,100],"ix":3},"r":{"a":0,"k":0,"ix":6},"o":{"a":0,"k":100,"ix":7},"sk":{"a":0,"k":0,"ix":4},"sa":{"a":0,"k":0,"ix":5},"nm":"Transform"}],"nm":"Shape 1","np":3,"cix":2,"bm":0,"ix":1,"mn":"ADBE Vector Group","hd":false}],"ip":25.0000010182709,"op":40.0000016292334,"st":17.0000006924242,"bm":0},{"ddd":0,"ind":9,"ty":4,"nm":"Shape Layer 1","parent":20,"sr":1,"ks":{"o":{"a":0,"k":100,"ix":11},"r":{"a":0,"k":0,"ix":10},"p":{"a":0,"k":[-1.488,-0.298,0],"ix":2},"a":{"a":0,"k":[0,0,0],"ix":1},"s":{"a":0,"k":[111.687,111.687,100],"ix":6}},"ao":0,"shapes":[{"ty":"gr","it":[{"ind":0,"ty":"sh","ix":1,"ks":{"a":1,"k":[{"i":{"x":0.833,"y":0.833},"o":{"x":0.167,"y":0.167},"n":"0p833_0p833_0p167_0p167","t":8,"s":[{"i":[[0,0],[0,0],[0,14]],"o":[[0,0],[0,0],[0,-14]],"v":[[55.75,-54.75],[56,54.25],[65.033,-1.659]],"c":true}],"e":[{"i":[[0,0],[0,0],[0,14]],"o":[[0,0],[0,0],[0,-14]],"v":[[55.75,-54.75],[56,54.25],[74.068,-1.63]],"c":true}]},{"i":{"x":0.833,"y":0.833},"o":{"x":0.167,"y":0.167},"n":"0p833_0p833_0p167_0p167","t":9,"s":[{"i":[[0,0],[0,0],[0,14]],"o":[[0,0],[0,0],[0,-14]],"v":[[55.75,-54.75],[56,54.25],[74.068,-1.63]],"c":true}],"e":[{"i":[[0,0],[0,0],[0,14]],"o":[[0,0],[0,0],[0,-14]],"v":[[55.75,-54.75],[56,54.25],[85.269,-1.524]],"c":true}]},{"i":{"x":0.833,"y":0.833},"o":{"x":0.167,"y":0.167},"n":"0p833_0p833_0p167_0p167","t":10,"s":[{"i":[[0,0],[0,0],[0,14]],"o":[[0,0],[0,0],[0,-14]],"v":[[55.75,-54.75],[56,54.25],[85.269,-1.524]],"c":true}],"e":[{"i":[[0,0],[0,0],[0,14]],"o":[[0,0],[0,0],[0,-14]],"v":[[55.75,-54.75],[56,54.25],[100.492,-1.496]],"c":true}]},{"i":{"x":0.833,"y":0.833},"o":{"x":0.167,"y":0.167},"n":"0p833_0p833_0p167_0p167","t":11,"s":[{"i":[[0,0],[0,0],[0,14]],"o":[[0,0],[0,0],[0,-14]],"v":[[55.75,-54.75],[56,54.25],[100.492,-1.496]],"c":true}],"e":[{"i":[[0,0],[0,0],[0,14]],"o":[[0,0],[0,0],[0,-14]],"v":[[55.75,-54.75],[56,54.25],[104.25,-1.5]],"c":true}]},{"i":{"x":0.741,"y":1},"o":{"x":1,"y":1},"n":"0p741_1_1_1","t":17,"s":[{"i":[[0,0],[0,0],[0,14]],"o":[[0,0],[0,0],[0,-14]],"v":[[55.75,-54.75],[56,54.25],[104.25,-1.5]],"c":true}],"e":[{"i":[[0,0],[0,0],[0,14]],"o":[[0,0],[0,0],[0,-14]],"v":[[55.75,-54.75],[56,54.25],[60.161,-1.496]],"c":true}]},{"t":22.0000008960784}],"ix":2},"nm":"Path 1","mn":"ADBE Vector Shape - Group","hd":false},{"ty":"fl","c":{"a":0,"k":[1,0.784,0,1],"ix":4},"o":{"a":0,"k":100,"ix":5},"r":1,"bm":0,"nm":"Fill 1","mn":"ADBE Vector Graphic - Fill","hd":false},{"ty":"tr","p":{"a":0,"k":[0,0],"ix":2},"a":{"a":0,"k":[0,0],"ix":1},"s":{"a":0,"k":[100,100],"ix":3},"r":{"a":0,"k":0,"ix":6},"o":{"a":0,"k":100,"ix":7},"sk":{"a":0,"k":0,"ix":4},"sa":{"a":0,"k":0,"ix":5},"nm":"Transform"}],"nm":"Shape 1","np":3,"cix":2,"bm":0,"ix":1,"mn":"ADBE Vector Group","hd":false}],"ip":8.00000032584668,"op":23.0000009368092,"st":0,"bm":0},{"ddd":0,"ind":10,"ty":4,"nm":"QR - 1","parent":20,"sr":1,"ks":{"o":{"a":0,"k":100,"ix":11},"r":{"a":0,"k":0,"ix":10},"p":{"a":0,"k":[-37.913,-35.902,0],"ix":2},"a":{"a":0,"k":[14.689,14.69,0],"ix":1},"s":{"a":0,"k":[100,100,100],"ix":6}},"ao":0,"shapes":[{"ty":"gr","it":[{"ind":0,"ty":"sh","ix":1,"ks":{"a":0,"k":{"i":[[0,-5.316],[0,0],[0,0],[0,0],[0,0]],"o":[[0,0],[0,0],[0,0],[0,0],[-5.316,0]],"v":[[-14.439,-4.814],[-14.439,14.439],[14.439,14.439],[14.439,-14.439],[-4.814,-14.439]],"c":true},"ix":2},"nm":"Path 1","mn":"ADBE Vector Shape - Group","hd":false},{"ind":1,"ty":"sh","ix":2,"ks":{"a":0,"k":{"i":[[0,0],[0,0],[0,0],[0,0]],"o":[[0,0],[0,0],[0,0],[0,0]],"v":[[6.189,6.189],[-6.188,6.189],[-6.188,-6.188],[6.189,-6.188]],"c":true},"ix":2},"nm":"Path 2","mn":"ADBE Vector Shape - Group","hd":false},{"ty":"fl","c":{"a":0,"k":[0.09,0.09,0.09,1],"ix":4},"o":{"a":0,"k":100,"ix":5},"r":1,"bm":0,"nm":"Fill 1","mn":"ADBE Vector Graphic - Fill","hd":false},{"ty":"tr","p":{"a":0,"k":[14.69,14.69],"ix":2},"a":{"a":0,"k":[0,0],"ix":1},"s":{"a":0,"k":[100,100],"ix":3},"r":{"a":0,"k":0,"ix":6},"o":{"a":0,"k":100,"ix":7},"sk":{"a":0,"k":0,"ix":4},"sa":{"a":0,"k":0,"ix":5},"nm":"Transform"}],"nm":"Group 1","np":3,"cix":2,"bm":0,"ix":1,"mn":"ADBE Vector Group","hd":false}],"ip":0,"op":158.000006435472,"st":0,"bm":0},{"ddd":0,"ind":11,"ty":4,"nm":"QR - 2","parent":20,"sr":1,"ks":{"o":{"a":0,"k":100,"ix":11},"r":{"a":0,"k":0,"ix":10},"p":{"a":0,"k":[-37.913,37.259,0],"ix":2},"a":{"a":0,"k":[14.689,14.69,0],"ix":1},"s":{"a":0,"k":[100,100,100],"ix":6}},"ao":0,"shapes":[{"ty":"gr","it":[{"ind":0,"ty":"sh","ix":1,"ks":{"a":0,"k":{"i":[[0,0],[0,0],[-5.316,0],[0,0],[0,0]],"o":[[0,0],[0,5.316],[0,0],[0,0],[0,0]],"v":[[-14.439,-14.44],[-14.439,4.814],[-4.814,14.44],[14.439,14.44],[14.439,-14.44]],"c":true},"ix":2},"nm":"Path 1","mn":"ADBE Vector Shape - Group","hd":false},{"ind":1,"ty":"sh","ix":2,"ks":{"a":0,"k":{"i":[[0,0],[0,0],[0,0],[0,0]],"o":[[0,0],[0,0],[0,0],[0,0]],"v":[[6.189,6.19],[-6.188,6.19],[-6.188,-6.187],[6.189,-6.187]],"c":true},"ix":2},"nm":"Path 2","mn":"ADBE Vector Shape - Group","hd":false},{"ty":"fl","c":{"a":0,"k":[0.09,0.09,0.09,1],"ix":4},"o":{"a":0,"k":100,"ix":5},"r":1,"bm":0,"nm":"Fill 1","mn":"ADBE Vector Graphic - Fill","hd":false},{"ty":"tr","p":{"a":0,"k":[14.69,14.69],"ix":2},"a":{"a":0,"k":[0,0],"ix":1},"s":{"a":0,"k":[100,100],"ix":3},"r":{"a":0,"k":0,"ix":6},"o":{"a":0,"k":100,"ix":7},"sk":{"a":0,"k":0,"ix":4},"sa":{"a":0,"k":0,"ix":5},"nm":"Transform"}],"nm":"Group 1","np":3,"cix":2,"bm":0,"ix":1,"mn":"ADBE Vector Group","hd":false}],"ip":0,"op":158.000006435472,"st":0,"bm":0},{"ddd":0,"ind":12,"ty":4,"nm":"QR - 3","parent":20,"sr":1,"ks":{"o":{"a":0,"k":100,"ix":11},"r":{"a":0,"k":0,"ix":10},"p":{"a":0,"k":[35.249,-35.902,0],"ix":2},"a":{"a":0,"k":[14.689,14.69,0],"ix":1},"s":{"a":0,"k":[100,100,100],"ix":6}},"ao":0,"shapes":[{"ty":"gr","it":[{"ind":0,"ty":"sh","ix":1,"ks":{"a":0,"k":{"i":[[0,0],[0,0],[0,0],[0,0],[5.316,0]],"o":[[0,0],[0,0],[0,0],[0,-5.316],[0,0]],"v":[[-14.439,-14.44],[-14.439,14.44],[14.439,14.44],[14.439,-4.814],[4.814,-14.44]],"c":true},"ix":2},"nm":"Path 1","mn":"ADBE Vector Shape - Group","hd":false},{"ind":1,"ty":"sh","ix":2,"ks":{"a":0,"k":{"i":[[0,0],[0,0],[0,0],[0,0]],"o":[[0,0],[0,0],[0,0],[0,0]],"v":[[6.189,6.189],[-6.189,6.189],[-6.189,-6.188],[6.189,-6.188]],"c":true},"ix":2},"nm":"Path 2","mn":"ADBE Vector Shape - Group","hd":false},{"ty":"fl","c":{"a":0,"k":[0.09,0.09,0.09,1],"ix":4},"o":{"a":0,"k":100,"ix":5},"r":1,"bm":0,"nm":"Fill 1","mn":"ADBE Vector Graphic - Fill","hd":false},{"ty":"tr","p":{"a":0,"k":[14.689,14.69],"ix":2},"a":{"a":0,"k":[0,0],"ix":1},"s":{"a":0,"k":[100,100],"ix":3},"r":{"a":0,"k":0,"ix":6},"o":{"a":0,"k":100,"ix":7},"sk":{"a":0,"k":0,"ix":4},"sa":{"a":0,"k":0,"ix":5},"nm":"Transform"}],"nm":"Group 1","np":3,"cix":2,"bm":0,"ix":1,"mn":"ADBE Vector Group","hd":false}],"ip":0,"op":158.000006435472,"st":0,"bm":0},{"ddd":0,"ind":13,"ty":4,"nm":"QR - 4","parent":20,"sr":1,"ks":{"o":{"a":0,"k":100,"ix":11},"r":{"a":0,"k":0,"ix":10},"p":{"a":0,"k":[35.248,5.492,0],"ix":2},"a":{"a":0,"k":[14.689,17.577,0],"ix":1},"s":{"a":0,"k":[100,100,100],"ix":6}},"ao":0,"shapes":[{"ty":"gr","it":[{"ind":0,"ty":"sh","ix":1,"ks":{"a":0,"k":{"i":[[0,0],[0,0],[0,0],[0,0],[0,0],[0,0]],"o":[[0,0],[0,0],[0,0],[0,0],[0,0],[0,0]],"v":[[6.189,-17.327],[6.189,8.665],[-14.439,8.665],[-14.439,17.327],[14.439,17.327],[14.439,-17.327]],"c":true},"ix":2},"nm":"Path 1","mn":"ADBE Vector Shape - Group","hd":false},{"ty":"fl","c":{"a":0,"k":[0.09,0.09,0.09,1],"ix":4},"o":{"a":0,"k":100,"ix":5},"r":1,"bm":0,"nm":"Fill 1","mn":"ADBE Vector Graphic - Fill","hd":false},{"ty":"tr","p":{"a":0,"k":[14.69,17.578],"ix":2},"a":{"a":0,"k":[0,0],"ix":1},"s":{"a":0,"k":[100,100],"ix":3},"r":{"a":0,"k":0,"ix":6},"o":{"a":0,"k":100,"ix":7},"sk":{"a":0,"k":0,"ix":4},"sa":{"a":0,"k":0,"ix":5},"nm":"Transform"}],"nm":"Group 1","np":2,"cix":2,"bm":0,"ix":1,"mn":"ADBE Vector Group","hd":false}],"ip":0,"op":158.000006435472,"st":0,"bm":0},{"ddd":0,"ind":14,"ty":4,"nm":"QR - 5","parent":20,"sr":1,"ks":{"o":{"a":0,"k":100,"ix":11},"r":{"a":0,"k":0,"ix":10},"p":{"a":0,"k":[35.249,41.111,0],"ix":2},"a":{"a":0,"k":[14.689,10.839,0],"ix":1},"s":{"a":0,"k":[100,100,100],"ix":6}},"ao":0,"shapes":[{"ty":"gr","it":[{"ind":0,"ty":"sh","ix":1,"ks":{"a":0,"k":{"i":[[0,0],[0,0],[0,0],[0,0],[0,0],[0,0],[0,4.557],[0,0]],"o":[[0,0],[0,0],[0,0],[0,0],[0,0],[4.557,0],[0,0],[0,0]],"v":[[-14.439,-10.589],[-14.439,10.589],[-6.189,10.589],[-6.189,-2.118],[6.189,-2.118],[6.189,10.589],[14.439,2.337],[14.439,-10.589]],"c":true},"ix":2},"nm":"Path 1","mn":"ADBE Vector Shape - Group","hd":false},{"ty":"fl","c":{"a":0,"k":[0.09,0.09,0.09,1],"ix":4},"o":{"a":0,"k":100,"ix":5},"r":1,"bm":0,"nm":"Fill 1","mn":"ADBE Vector Graphic - Fill","hd":false},{"ty":"tr","p":{"a":0,"k":[14.689,10.839],"ix":2},"a":{"a":0,"k":[0,0],"ix":1},"s":{"a":0,"k":[100,100],"ix":3},"r":{"a":0,"k":0,"ix":6},"o":{"a":0,"k":100,"ix":7},"sk":{"a":0,"k":0,"ix":4},"sa":{"a":0,"k":0,"ix":5},"nm":"Transform"}],"nm":"Group 1","np":2,"cix":2,"bm":0,"ix":1,"mn":"ADBE Vector Group","hd":false}],"ip":0,"op":158.000006435472,"st":0,"bm":0},{"ddd":0,"ind":15,"ty":4,"nm":"QR - 6","parent":20,"sr":1,"ks":{"o":{"a":0,"k":100,"ix":11},"r":{"a":0,"k":0,"ix":10},"p":{"a":0,"k":[-1.332,-35.902,0],"ix":2},"a":{"a":0,"k":[12.764,14.69,0],"ix":1},"s":{"a":0,"k":[100,100,100],"ix":6}},"ao":0,"shapes":[{"ty":"gr","it":[{"ind":0,"ty":"sh","ix":1,"ks":{"a":0,"k":{"i":[[0,0],[0,0],[0,0],[0,0],[0,0],[0,0]],"o":[[0,0],[0,0],[0,0],[0,0],[0,0],[0,0]],"v":[[-12.514,-14.44],[-12.514,-6.188],[4.171,-6.188],[4.171,14.44],[12.514,14.44],[12.514,-14.44]],"c":true},"ix":2},"nm":"Path 1","mn":"ADBE Vector Shape - Group","hd":false},{"ty":"fl","c":{"a":0,"k":[0.09,0.09,0.09,1],"ix":4},"o":{"a":0,"k":100,"ix":5},"r":1,"bm":0,"nm":"Fill 1","mn":"ADBE Vector Graphic - Fill","hd":false},{"ty":"tr","p":{"a":0,"k":[12.764,14.69],"ix":2},"a":{"a":0,"k":[0,0],"ix":1},"s":{"a":0,"k":[100,100],"ix":3},"r":{"a":0,"k":0,"ix":6},"o":{"a":0,"k":100,"ix":7},"sk":{"a":0,"k":0,"ix":4},"sa":{"a":0,"k":0,"ix":5},"nm":"Transform"}],"nm":"Group 1","np":2,"cix":2,"bm":0,"ix":1,"mn":"ADBE Vector Group","hd":false}],"ip":0,"op":158.000006435472,"st":0,"bm":0},{"ddd":0,"ind":16,"ty":4,"nm":"QR - 7","parent":20,"sr":1,"ks":{"o":{"a":0,"k":100,"ix":11},"r":{"a":0,"k":0,"ix":10},"p":{"a":0,"k":[7.332,19.932,0],"ix":2},"a":{"a":0,"k":[21.428,32.018,0],"ix":1},"s":{"a":0,"k":[100,100,100],"ix":6}},"ao":0,"shapes":[{"ty":"gr","it":[{"ind":0,"ty":"sh","ix":1,"ks":{"a":0,"k":{"i":[[0,0],[0,0],[0,0],[0,0],[0,0],[0,0],[0,0],[0,0],[0,0],[0,0],[0,0],[0,0],[0,0],[0,0],[0,0],[0,0]],"o":[[0,0],[0,0],[0,0],[0,0],[0,0],[0,0],[0,0],[0,0],[0,0],[0,0],[0,0],[0,0],[0,0],[0,0],[0,0],[0,0]],"v":[[-4.236,-31.768],[-4.236,-14.825],[-21.178,-14.825],[-21.178,10.59],[-4.236,10.59],[-4.236,31.768],[4.236,31.768],[4.236,2.117],[-12.706,2.117],[-12.706,-6.354],[4.236,-6.354],[4.236,-23.296],[12.708,-23.296],[12.708,-14.825],[21.178,-14.825],[21.178,-31.768]],"c":true},"ix":2},"nm":"Path 1","mn":"ADBE Vector Shape - Group","hd":false},{"ty":"fl","c":{"a":0,"k":[0.09,0.09,0.09,1],"ix":4},"o":{"a":0,"k":100,"ix":5},"r":1,"bm":0,"nm":"Fill 1","mn":"ADBE Vector Graphic - Fill","hd":false},{"ty":"tr","p":{"a":0,"k":[21.428,32.018],"ix":2},"a":{"a":0,"k":[0,0],"ix":1},"s":{"a":0,"k":[100,100],"ix":3},"r":{"a":0,"k":0,"ix":6},"o":{"a":0,"k":100,"ix":7},"sk":{"a":0,"k":0,"ix":4},"sa":{"a":0,"k":0,"ix":5},"nm":"Transform"}],"nm":"Group 1","np":2,"cix":2,"bm":0,"ix":1,"mn":"ADBE Vector Group","hd":false}],"ip":0,"op":158.000006435472,"st":0,"bm":0},{"ddd":0,"ind":17,"ty":4,"nm":"QR - 8","parent":20,"sr":1,"ks":{"o":{"a":0,"k":100,"ix":11},"r":{"a":0,"k":0,"ix":10},"p":{"a":0,"k":[-9.033,44.961,0],"ix":2},"a":{"a":0,"k":[5.063,6.989,0],"ix":1},"s":{"a":0,"k":[100,100,100],"ix":6}},"ao":0,"shapes":[{"ty":"gr","it":[{"ind":0,"ty":"sh","ix":1,"ks":{"a":0,"k":{"i":[[0,0],[0,0],[0,0],[0,0]],"o":[[0,0],[0,0],[0,0],[0,0]],"v":[[-4.813,6.738],[4.813,6.738],[4.813,-6.738],[-4.813,-6.738]],"c":true},"ix":2},"nm":"Path 1","mn":"ADBE Vector Shape - Group","hd":false},{"ty":"fl","c":{"a":0,"k":[0.09,0.09,0.09,1],"ix":4},"o":{"a":0,"k":100,"ix":5},"r":1,"bm":0,"nm":"Fill 1","mn":"ADBE Vector Graphic - Fill","hd":false},{"ty":"tr","p":{"a":0,"k":[5.063,6.989],"ix":2},"a":{"a":0,"k":[0,0],"ix":1},"s":{"a":0,"k":[100,100],"ix":3},"r":{"a":0,"k":0,"ix":6},"o":{"a":0,"k":100,"ix":7},"sk":{"a":0,"k":0,"ix":4},"sa":{"a":0,"k":0,"ix":5},"nm":"Transform"}],"nm":"Group 1","np":2,"cix":2,"bm":0,"ix":1,"mn":"ADBE Vector Group","hd":false}],"ip":0,"op":158.000006435472,"st":0,"bm":0},{"ddd":0,"ind":18,"ty":4,"nm":"QR - 9","parent":20,"sr":1,"ks":{"o":{"a":0,"k":100,"ix":11},"r":{"a":0,"k":0,"ix":10},"p":{"a":0,"k":[-28.286,8.38,0],"ix":2},"a":{"a":0,"k":[6.989,5.063,0],"ix":1},"s":{"a":0,"k":[100,100,100],"ix":6}},"ao":0,"shapes":[{"ty":"gr","it":[{"ind":0,"ty":"sh","ix":1,"ks":{"a":0,"k":{"i":[[0,0],[0,0],[0,0],[0,0]],"o":[[0,0],[0,0],[0,0],[0,0]],"v":[[-6.738,-4.814],[6.738,-4.814],[6.738,4.814],[-6.738,4.814]],"c":true},"ix":2},"nm":"Path 1","mn":"ADBE Vector Shape - Group","hd":false},{"ty":"fl","c":{"a":0,"k":[0.09,0.09,0.09,1],"ix":4},"o":{"a":0,"k":100,"ix":5},"r":1,"bm":0,"nm":"Fill 1","mn":"ADBE Vector Graphic - Fill","hd":false},{"ty":"tr","p":{"a":0,"k":[6.988,5.063],"ix":2},"a":{"a":0,"k":[0,0],"ix":1},"s":{"a":0,"k":[100,100],"ix":3},"r":{"a":0,"k":0,"ix":6},"o":{"a":0,"k":100,"ix":7},"sk":{"a":0,"k":0,"ix":4},"sa":{"a":0,"k":0,"ix":5},"nm":"Transform"}],"nm":"Group 1","np":2,"cix":2,"bm":0,"ix":1,"mn":"ADBE Vector Group","hd":false}],"ip":0,"op":158.000006435472,"st":0,"bm":0},{"ddd":0,"ind":19,"ty":4,"nm":"QR - 10","parent":20,"sr":1,"ks":{"o":{"a":0,"k":100,"ix":11},"r":{"a":0,"k":0,"ix":10},"p":{"a":0,"k":[-29.249,-9.91,0],"ix":2},"a":{"a":0,"k":[23.354,23.354,0],"ix":1},"s":{"a":0,"k":[100,100,100],"ix":6}},"ao":0,"shapes":[{"ty":"gr","it":[{"ind":0,"ty":"sh","ix":1,"ks":{"a":0,"k":{"i":[[0,0],[0,0],[0,0],[0,0],[0,0],[0,0],[0,0],[0,0]],"o":[[0,0],[0,0],[0,0],[0,0],[0,0],[0,0],[0,0],[0,0]],"v":[[14.702,-23.104],[14.702,-2.1],[-23.104,-2.1],[-23.104,23.104],[-14.702,23.104],[-14.702,6.301],[23.104,6.301],[23.104,-23.104]],"c":true},"ix":2},"nm":"Path 1","mn":"ADBE Vector Shape - Group","hd":false},{"ty":"fl","c":{"a":0,"k":[0.09,0.09,0.09,1],"ix":4},"o":{"a":0,"k":100,"ix":5},"r":1,"bm":0,"nm":"Fill 1","mn":"ADBE Vector Graphic - Fill","hd":false},{"ty":"tr","p":{"a":0,"k":[23.353,23.353],"ix":2},"a":{"a":0,"k":[0,0],"ix":1},"s":{"a":0,"k":[100,100],"ix":3},"r":{"a":0,"k":0,"ix":6},"o":{"a":0,"k":100,"ix":7},"sk":{"a":0,"k":0,"ix":4},"sa":{"a":0,"k":0,"ix":5},"nm":"Transform"}],"nm":"Group 1","np":2,"cix":2,"bm":0,"ix":1,"mn":"ADBE Vector Group","hd":false}],"ip":0,"op":158.000006435472,"st":0,"bm":0},{"ddd":0,"ind":20,"ty":4,"nm":"base - 1","sr":1,"ks":{"o":{"a":0,"k":100,"ix":11},"r":{"a":0,"k":0,"ix":10},"p":{"a":0,"k":[241.332,150.266,0],"ix":2},"a":{"a":0,"k":[0,0,0],"ix":1},"s":{"a":1,"k":[{"i":{"x":[0.635,0.635,0.667],"y":[1.112,1.112,1]},"o":{"x":[0.51,0.51,0.51],"y":[0,0,0]},"n":["0p635_1p112_0p51_0","0p635_1p112_0p51_0","0p667_1_0p51_0"],"t":5,"s":[100,100,100],"e":[89,89,100]},{"i":{"x":[0.635,0.635,0.667],"y":[1,1,1]},"o":{"x":[0.987,0.987,0.51],"y":[0,0,0]},"n":["0p635_1_0p987_0","0p635_1_0p987_0","0p667_1_0p51_0"],"t":12.143,"s":[89,89,100],"e":[89,89,100]},{"i":{"x":[0.563,0.563,0.49],"y":[1.095,1.095,1]},"o":{"x":[0.987,0.987,0.51],"y":[0,0,0]},"n":["0p563_1p095_0p987_0","0p563_1p095_0p987_0","0p49_1_0p51_0"],"t":19,"s":[89,89,100],"e":[77,77,100]},{"i":{"x":[0.563,0.563,0.49],"y":[-4.121,-4.121,1]},"o":{"x":[0.51,0.51,0.51],"y":[0,0,0]},"n":["0p563_-4p121_0p51_0","0p563_-4p121_0p51_0","0p49_1_0p51_0"],"t":27,"s":[77,77,100],"e":[77,77,100]},{"i":{"x":[0.013,0.013,0.49],"y":[1,1,1]},"o":{"x":[0.437,0.437,0.51],"y":[-0.095,-0.095,0]},"n":["0p013_1_0p437_-0p095","0p013_1_0p437_-0p095","0p49_1_0p51_0"],"t":59.24,"s":[77,77,100],"e":[89,89,100]},{"i":{"x":[0.013,0.013,0.49],"y":[1,1,1]},"o":{"x":[0.365,0.365,0.333],"y":[0,0,0]},"n":["0p013_1_0p365_0","0p013_1_0p365_0","0p49_1_0p333_0"],"t":66.426,"s":[89,89,100],"e":[89,89,100]},{"i":{"x":[0.49,0.49,0.49],"y":[1,1,1]},"o":{"x":[0.365,0.365,0.333],"y":[-0.112,-0.112,0]},"n":["0p49_1_0p365_-0p112","0p49_1_0p365_-0p112","0p49_1_0p333_0"],"t":72.585,"s":[89,89,100],"e":[100,100,100]},{"i":{"x":[0.833,0.833,0.833],"y":[1,1,1]},"o":{"x":[0.167,0.167,0.167],"y":[0,0,0]},"n":["0p833_1_0p167_0","0p833_1_0p167_0","0p833_1_0p167_0"],"t":79,"s":[100,100,100],"e":[100,100,100]},{"i":{"x":[0.635,0.635,0.667],"y":[1.112,1.112,1]},"o":{"x":[0.51,0.51,0.51],"y":[0,0,0]},"n":["0p635_1p112_0p51_0","0p635_1p112_0p51_0","0p667_1_0p51_0"],"t":84,"s":[100,100,100],"e":[89,89,100]},{"i":{"x":[0.635,0.635,0.667],"y":[1,1,1]},"o":{"x":[0.987,0.987,0.51],"y":[0,0,0]},"n":["0p635_1_0p987_0","0p635_1_0p987_0","0p667_1_0p51_0"],"t":91.143,"s":[89,89,100],"e":[89,89,100]},{"i":{"x":[0.563,0.563,0.49],"y":[1.095,1.095,1]},"o":{"x":[0.987,0.987,0.51],"y":[0,0,0]},"n":["0p563_1p095_0p987_0","0p563_1p095_0p987_0","0p49_1_0p51_0"],"t":98,"s":[89,89,100],"e":[77,77,100]},{"i":{"x":[0.563,0.563,0.49],"y":[-4.121,-4.121,1]},"o":{"x":[0.51,0.51,0.51],"y":[0,0,0]},"n":["0p563_-4p121_0p51_0","0p563_-4p121_0p51_0","0p49_1_0p51_0"],"t":106,"s":[77,77,100],"e":[77,77,100]},{"i":{"x":[0.013,0.013,0.49],"y":[1,1,1]},"o":{"x":[0.437,0.437,0.51],"y":[-0.095,-0.095,0]},"n":["0p013_1_0p437_-0p095","0p013_1_0p437_-0p095","0p49_1_0p51_0"],"t":138.24,"s":[77,77,100],"e":[89,89,100]},{"i":{"x":[0.013,0.013,0.49],"y":[1,1,1]},"o":{"x":[0.365,0.365,0.333],"y":[0,0,0]},"n":["0p013_1_0p365_0","0p013_1_0p365_0","0p49_1_0p333_0"],"t":145.426,"s":[89,89,100],"e":[89,89,100]},{"i":{"x":[0.49,0.49,0.49],"y":[1,1,1]},"o":{"x":[0.365,0.365,0.333],"y":[-0.112,-0.112,0]},"n":["0p49_1_0p365_-0p112","0p49_1_0p365_-0p112","0p49_1_0p333_0"],"t":151.585,"s":[89,89,100],"e":[100,100,100]},{"t":158.000006435472}],"ix":6,"x":"var $bm_rt;\nvar amp, freq, decay, n, t, v;\ntry {\n    amp = div(effect('Scale - Overshoot')('ADBE Slider Control-0001'), 2.5), freq = div(effect('Scale - Bounce')('ADBE Slider Control-0001'), 20), decay = div(effect('Scale - Friction')('ADBE Slider Control-0001'), 20), n = 0, 0 < numKeys && (n = nearestKey(time).index, key(n).time > time && n--), t = 0 === n ? 0 : sub(time, key(n).time), $bm_rt = 0 < n ? (v = velocityAtTime(sub(key(n).time, div(thisComp.frameDuration, 10))), sum(value, div(mul(mul(div(v, 100), amp), Math.sin(mul(mul(mul(freq, t), 2), Math.PI))), Math.exp(mul(decay, t))))) : value;\n} catch (e$$4) {\n    $bm_rt = value = value;\n}"}},"ao":0,"ef":[{"ty":5,"nm":"Scale - Overshoot","np":3,"mn":"ADBE Slider Control","ix":1,"en":1,"ef":[{"ty":0,"nm":"Slider","mn":"ADBE Slider Control-0001","ix":1,"v":{"a":0,"k":20,"ix":1,"x":"var $bm_rt;\n$bm_rt = clamp(value, 0, 100);"}}]},{"ty":5,"nm":"Scale - Bounce","np":3,"mn":"ADBE Slider Control","ix":2,"en":1,"ef":[{"ty":0,"nm":"Slider","mn":"ADBE Slider Control-0001","ix":1,"v":{"a":0,"k":40,"ix":1,"x":"var $bm_rt;\n$bm_rt = clamp(value, 0, 100);"}}]},{"ty":5,"nm":"Scale - Friction","np":3,"mn":"ADBE Slider Control","ix":3,"en":1,"ef":[{"ty":0,"nm":"Slider","mn":"ADBE Slider Control-0001","ix":1,"v":{"a":0,"k":40,"ix":1,"x":"var $bm_rt;\n$bm_rt = clamp(value, 0, 100);"}}]},{"ty":5,"nm":"Scale - Overshoot","np":3,"mn":"ADBE Slider Control","ix":4,"en":1,"ef":[{"ty":0,"nm":"Slider","mn":"ADBE Slider Control-0001","ix":1,"v":{"a":0,"k":20,"ix":1,"x":"var $bm_rt;\n$bm_rt = clamp(value, 0, 100);"}}]},{"ty":5,"nm":"Scale - Bounce","np":3,"mn":"ADBE Slider Control","ix":5,"en":1,"ef":[{"ty":0,"nm":"Slider","mn":"ADBE Slider Control-0001","ix":1,"v":{"a":0,"k":40,"ix":1,"x":"var $bm_rt;\n$bm_rt = clamp(value, 0, 100);"}}]},{"ty":5,"nm":"Scale - Friction","np":3,"mn":"ADBE Slider Control","ix":6,"en":1,"ef":[{"ty":0,"nm":"Slider","mn":"ADBE Slider Control-0001","ix":1,"v":{"a":0,"k":40,"ix":1,"x":"var $bm_rt;\n$bm_rt = clamp(value, 0, 100);"}}]}],"shapes":[{"ty":"gr","it":[{"ty":"rc","d":1,"s":{"a":0,"k":[134.684,134.684],"ix":2},"p":{"a":0,"k":[0,0],"ix":3},"r":{"a":0,"k":20,"ix":4},"nm":"Rectangle Path 1","mn":"ADBE Vector Shape - Rect","hd":false},{"ty":"fl","c":{"a":0,"k":[1,1,1,1],"ix":4},"o":{"a":0,"k":100,"ix":5},"r":1,"bm":0,"nm":"Fill 1","mn":"ADBE Vector Graphic - Fill","hd":false},{"ty":"tr","p":{"a":0,"k":[-1.332,-0.266],"ix":2},"a":{"a":0,"k":[0,0],"ix":1},"s":{"a":0,"k":[100,100],"ix":3},"r":{"a":0,"k":0,"ix":6},"o":{"a":0,"k":100,"ix":7},"sk":{"a":0,"k":0,"ix":4},"sa":{"a":0,"k":0,"ix":5},"nm":"Transform"}],"nm":"Rectangle 1","np":3,"cix":2,"bm":0,"ix":1,"mn":"ADBE Vector Group","hd":false}],"ip":0,"op":158.000006435472,"st":0,"bm":0},{"ddd":0,"ind":26,"ty":4,"nm":"Drop4","sr":1,"ks":{"o":{"a":0,"k":100,"ix":11},"r":{"a":0,"k":180,"ix":10},"p":{"a":1,"k":[{"i":{"x":0.667,"y":1},"o":{"x":0.333,"y":0},"n":"0p667_1_0p333_0","t":89,"s":[331.574,150,0],"e":[295.574,150,0],"to":[-6,0,0],"ti":[0,0,0]},{"i":{"x":0.667,"y":1},"o":{"x":0.167,"y":0},"n":"0p667_1_0p167_0","t":128.64,"s":[295.574,150,0],"e":[331.574,150,0],"to":[0,0,0],"ti":[-6,0,0]},{"t":149.920006106367}],"ix":2},"a":{"a":0,"k":[0,0,0],"ix":1},"s":{"a":0,"k":[100,100,100],"ix":6}},"ao":0,"shapes":[{"ty":"gr","it":[{"ty":"rc","d":1,"s":{"a":1,"k":[{"i":{"x":[0.49,0.49],"y":[1,1]},"o":{"x":[0.167,0.167],"y":[0,0]},"n":["0p49_1_0p167_0","0p49_1_0p167_0"],"t":95,"s":[63.054,63.054],"e":[45.054,45.054]},{"i":{"x":[0.49,0.49],"y":[1,1]},"o":{"x":[0.167,0.167],"y":[0,0]},"n":["0p49_1_0p167_0","0p49_1_0p167_0"],"t":110,"s":[45.054,45.054],"e":[45.054,45.054]},{"i":{"x":[0.833,0.833],"y":[1,1]},"o":{"x":[0.167,0.167],"y":[0,0]},"n":["0p833_1_0p167_0","0p833_1_0p167_0"],"t":128.64,"s":[45.054,45.054],"e":[63.054,63.054]},{"t":149.920006106367}],"ix":2},"p":{"a":1,"k":[{"i":{"x":0.51,"y":1},"o":{"x":0.49,"y":0},"n":"0p51_1_0p49_0","t":95,"s":[64,0],"e":[169,0],"to":[17.5,0],"ti":[-17.5,0]},{"i":{"x":0.51,"y":0.51},"o":{"x":0.49,"y":0.49},"n":"0p51_0p51_0p49_0p49","t":110,"s":[169,0],"e":[169,0],"to":[0,0],"ti":[0,0]},{"i":{"x":0.524,"y":1},"o":{"x":0.431,"y":0},"n":"0p524_1_0p431_0","t":128.64,"s":[169,0],"e":[64,0],"to":[-17.5,0],"ti":[17.5,0]},{"t":149.920006106367}],"ix":3},"r":{"a":1,"k":[{"i":{"x":[0.49],"y":[1]},"o":{"x":[0.51],"y":[0]},"n":["0p49_1_0p51_0"],"t":95,"s":[107],"e":[16]},{"i":{"x":[0.476],"y":[1]},"o":{"x":[0.167],"y":[0]},"n":["0p476_1_0p167_0"],"t":110,"s":[16],"e":[16]},{"i":{"x":[0.804],"y":[1]},"o":{"x":[0.524],"y":[0]},"n":["0p804_1_0p524_0"],"t":128.64,"s":[16],"e":[107]},{"t":149.920006106367}],"ix":4},"nm":"Rectangle Path 1","mn":"ADBE Vector Shape - Rect","hd":false},{"ty":"fl","c":{"a":0,"k":[1,0.784,0,1],"ix":4},"o":{"a":0,"k":100,"ix":5},"r":1,"bm":0,"nm":"Fill 1","mn":"ADBE Vector Graphic - Fill","hd":false},{"ty":"tr","p":{"a":0,"k":[0,0],"ix":2},"a":{"a":0,"k":[0,0],"ix":1},"s":{"a":0,"k":[100,100],"ix":3},"r":{"a":0,"k":0,"ix":6},"o":{"a":0,"k":100,"ix":7},"sk":{"a":0,"k":0,"ix":4},"sa":{"a":0,"k":0,"ix":5},"nm":"Transform"}],"nm":"Rectangle 1","np":3,"cix":2,"bm":0,"ix":1,"mn":"ADBE Vector Group","hd":false}],"ip":89.0000036250443,"op":154.000006272549,"st":89.0000036250443,"bm":0},{"ddd":0,"ind":27,"ty":4,"nm":"Drop3","sr":1,"ks":{"o":{"a":0,"k":100,"ix":11},"r":{"a":0,"k":180,"ix":10},"p":{"a":1,"k":[{"i":{"x":0.667,"y":1},"o":{"x":0.333,"y":0},"n":"0p667_1_0p333_0","t":77,"s":[333.574,150,0],"e":[270.51,150,0],"to":[-6.932541847229,0,0],"ti":[-0.03051667846739,0,0]},{"i":{"x":0.667,"y":1},"o":{"x":1,"y":0},"n":"0p667_1_1_0","t":136.24,"s":[270.51,150,0],"e":[333.574,150,0],"to":[3.16666674613953,0,0],"ti":[7,0,0]},{"t":152.960006230189}],"ix":2},"a":{"a":0,"k":[0,0,0],"ix":1},"s":{"a":0,"k":[100,100,100],"ix":6}},"ao":0,"shapes":[{"ty":"gr","it":[{"ty":"rc","d":1,"s":{"a":1,"k":[{"i":{"x":[0.163,0.163],"y":[1,1]},"o":{"x":[0.52,0.52],"y":[0,0]},"n":["0p163_1_0p52_0","0p163_1_0p52_0"],"t":77,"s":[70.054,70.054],"e":[45.054,45.054]},{"t":104.000004236007}],"ix":2},"p":{"a":1,"k":[{"i":{"x":0.667,"y":1},"o":{"x":0.333,"y":0},"n":"0p667_1_0p333_0","t":77,"s":[-5,0],"e":[103.555,0],"to":[15.8339853286743,0],"ti":[-39.3470420837402,0]},{"i":{"x":0.617,"y":1},"o":{"x":0.333,"y":0},"n":"0p617_1_0p333_0","t":91,"s":[103.555,0],"e":[174,0],"to":[57.5669441223145,0],"ti":[-20.3940124511719,0]},{"i":{"x":0.833,"y":1},"o":{"x":0,"y":1},"n":"0p833_1_0_1","t":118,"s":[174,0],"e":[174,0],"to":[0,0],"ti":[0,0]},{"i":{"x":1,"y":1},"o":{"x":1,"y":0},"n":"1_1_1_0","t":136.24,"s":[174,0],"e":[0,0],"to":[-29,0],"ti":[29,0]},{"t":152.960006230189}],"ix":3},"r":{"a":1,"k":[{"i":{"x":[0.49],"y":[1]},"o":{"x":[0.51],"y":[0]},"n":["0p49_1_0p51_0"],"t":77,"s":[107],"e":[16]},{"i":{"x":[0.49],"y":[1]},"o":{"x":[0.51],"y":[0]},"n":["0p49_1_0p51_0"],"t":91,"s":[16],"e":[16]},{"t":136.240005549169}],"ix":4},"nm":"Rectangle Path 1","mn":"ADBE Vector Shape - Rect","hd":false},{"ty":"fl","c":{"a":0,"k":[1,0.784,0,1],"ix":4},"o":{"a":0,"k":100,"ix":5},"r":1,"bm":0,"nm":"Fill 1","mn":"ADBE Vector Graphic - Fill","hd":false},{"ty":"tr","p":{"a":0,"k":[69.567,0],"ix":2},"a":{"a":0,"k":[0,0],"ix":1},"s":{"a":0,"k":[100,100],"ix":3},"r":{"a":0,"k":0,"ix":6},"o":{"a":0,"k":100,"ix":7},"sk":{"a":0,"k":0,"ix":4},"sa":{"a":0,"k":0,"ix":5},"nm":"Transform"}],"nm":"Rectangle 1","np":3,"cix":2,"bm":0,"ix":1,"mn":"ADBE Vector Group","hd":false}],"ip":77.0000031362743,"op":154.000006272549,"st":77.0000031362743,"bm":0},{"ddd":0,"ind":28,"ty":4,"nm":"Drop2","sr":1,"ks":{"o":{"a":0,"k":100,"ix":11},"r":{"a":0,"k":0,"ix":10},"p":{"a":1,"k":[{"i":{"x":0.667,"y":1},"o":{"x":0.333,"y":0},"n":"0p667_1_0p333_0","t":12,"s":[148.085,150,0],"e":[184.085,150,0],"to":[6,0,0],"ti":[0,0,0]},{"i":{"x":0.667,"y":1},"o":{"x":0.167,"y":0},"n":"0p667_1_0p167_0","t":51.64,"s":[184.085,150,0],"e":[148.085,150,0],"to":[0,0,0],"ti":[6,0,0]},{"t":72.9200029700925}],"ix":2},"a":{"a":0,"k":[0,0,0],"ix":1},"s":{"a":0,"k":[100,100,100],"ix":6}},"ao":0,"shapes":[{"ty":"gr","it":[{"ty":"rc","d":1,"s":{"a":1,"k":[{"i":{"x":[0.49,0.49],"y":[1,1]},"o":{"x":[0.167,0.167],"y":[0,0]},"n":["0p49_1_0p167_0","0p49_1_0p167_0"],"t":18,"s":[63.054,63.054],"e":[45.054,45.054]},{"i":{"x":[0.49,0.49],"y":[1,1]},"o":{"x":[0.167,0.167],"y":[0,0]},"n":["0p49_1_0p167_0","0p49_1_0p167_0"],"t":33,"s":[45.054,45.054],"e":[45.054,45.054]},{"i":{"x":[0.833,0.833],"y":[1,1]},"o":{"x":[0.167,0.167],"y":[0,0]},"n":["0p833_1_0p167_0","0p833_1_0p167_0"],"t":51.64,"s":[45.054,45.054],"e":[63.054,63.054]},{"t":72.9200029700925}],"ix":2},"p":{"a":1,"k":[{"i":{"x":0.51,"y":1},"o":{"x":0.49,"y":0},"n":"0p51_1_0p49_0","t":18,"s":[64,0],"e":[169,0],"to":[17.5,0],"ti":[-17.5,0]},{"i":{"x":0.51,"y":0.51},"o":{"x":0.49,"y":0.49},"n":"0p51_0p51_0p49_0p49","t":33,"s":[169,0],"e":[169,0],"to":[0,0],"ti":[0,0]},{"i":{"x":0.524,"y":1},"o":{"x":0.431,"y":0},"n":"0p524_1_0p431_0","t":51.64,"s":[169,0],"e":[64,0],"to":[-17.5,0],"ti":[17.5,0]},{"t":72.9200029700925}],"ix":3},"r":{"a":1,"k":[{"i":{"x":[0.49],"y":[1]},"o":{"x":[0.51],"y":[0]},"n":["0p49_1_0p51_0"],"t":18,"s":[107],"e":[16]},{"i":{"x":[0.476],"y":[1]},"o":{"x":[0.167],"y":[0]},"n":["0p476_1_0p167_0"],"t":33,"s":[16],"e":[16]},{"i":{"x":[0.804],"y":[1]},"o":{"x":[0.524],"y":[0]},"n":["0p804_1_0p524_0"],"t":51.64,"s":[16],"e":[107]},{"t":72.9200029700925}],"ix":4},"nm":"Rectangle Path 1","mn":"ADBE Vector Shape - Rect","hd":false},{"ty":"fl","c":{"a":0,"k":[1,0.784,0,1],"ix":4},"o":{"a":0,"k":100,"ix":5},"r":1,"bm":0,"nm":"Fill 1","mn":"ADBE Vector Graphic - Fill","hd":false},{"ty":"tr","p":{"a":0,"k":[0,0],"ix":2},"a":{"a":0,"k":[0,0],"ix":1},"s":{"a":0,"k":[100,100],"ix":3},"r":{"a":0,"k":0,"ix":6},"o":{"a":0,"k":100,"ix":7},"sk":{"a":0,"k":0,"ix":4},"sa":{"a":0,"k":0,"ix":5},"nm":"Transform"}],"nm":"Rectangle 1","np":3,"cix":2,"bm":0,"ix":1,"mn":"ADBE Vector Group","hd":false}],"ip":12.00000048877,"op":77.0000031362743,"st":12.00000048877,"bm":0},{"ddd":0,"ind":29,"ty":4,"nm":"Drop1","sr":1,"ks":{"o":{"a":0,"k":100,"ix":11},"r":{"a":0,"k":0,"ix":10},"p":{"a":1,"k":[{"i":{"x":0.667,"y":1},"o":{"x":0.333,"y":0},"n":"0p667_1_0p333_0","t":0,"s":[146.085,150,0],"e":[209.149,150,0],"to":[6.932541847229,0,0],"ti":[0.03051667846739,0,0]},{"i":{"x":0.667,"y":1},"o":{"x":1,"y":0},"n":"0p667_1_1_0","t":59.24,"s":[209.149,150,0],"e":[146.085,150,0],"to":[-3.16666674613953,0,0],"ti":[-7,0,0]},{"t":75.9600030939142}],"ix":2},"a":{"a":0,"k":[0,0,0],"ix":1},"s":{"a":0,"k":[100,100,100],"ix":6}},"ao":0,"shapes":[{"ty":"gr","it":[{"ty":"rc","d":1,"s":{"a":1,"k":[{"i":{"x":[0.163,0.163],"y":[1,1]},"o":{"x":[0.52,0.52],"y":[0,0]},"n":["0p163_1_0p52_0","0p163_1_0p52_0"],"t":0,"s":[70.054,70.054],"e":[45.054,45.054]},{"t":27.0000010997325}],"ix":2},"p":{"a":1,"k":[{"i":{"x":0.667,"y":1},"o":{"x":0.333,"y":0},"n":"0p667_1_0p333_0","t":0,"s":[-5,0],"e":[103.555,0],"to":[15.8339853286743,0],"ti":[-39.3470420837402,0]},{"i":{"x":0.617,"y":1},"o":{"x":0.333,"y":0},"n":"0p617_1_0p333_0","t":14,"s":[103.555,0],"e":[174,0],"to":[57.5669441223145,0],"ti":[-20.3940124511719,0]},{"i":{"x":0.833,"y":1},"o":{"x":0,"y":1},"n":"0p833_1_0_1","t":41,"s":[174,0],"e":[174,0],"to":[0,0],"ti":[0,0]},{"i":{"x":1,"y":1},"o":{"x":1,"y":0},"n":"1_1_1_0","t":59.24,"s":[174,0],"e":[0,0],"to":[-29,0],"ti":[29,0]},{"t":75.9600030939142}],"ix":3},"r":{"a":1,"k":[{"i":{"x":[0.49],"y":[1]},"o":{"x":[0.51],"y":[0]},"n":["0p49_1_0p51_0"],"t":0,"s":[107],"e":[16]},{"i":{"x":[0.49],"y":[1]},"o":{"x":[0.51],"y":[0]},"n":["0p49_1_0p51_0"],"t":14,"s":[16],"e":[16]},{"t":59.2400024128947}],"ix":4},"nm":"Rectangle Path 1","mn":"ADBE Vector Shape - Rect","hd":false},{"ty":"fl","c":{"a":0,"k":[1,0.784,0,1],"ix":4},"o":{"a":0,"k":100,"ix":5},"r":1,"bm":0,"nm":"Fill 1","mn":"ADBE Vector Graphic - Fill","hd":false},{"ty":"tr","p":{"a":0,"k":[69.567,0],"ix":2},"a":{"a":0,"k":[0,0],"ix":1},"s":{"a":0,"k":[100,100],"ix":3},"r":{"a":0,"k":0,"ix":6},"o":{"a":0,"k":100,"ix":7},"sk":{"a":0,"k":0,"ix":4},"sa":{"a":0,"k":0,"ix":5},"nm":"Transform"}],"nm":"Rectangle 1","np":3,"cix":2,"bm":0,"ix":1,"mn":"ADBE Vector Group","hd":false}],"ip":0,"op":77.0000031362743,"st":0,"bm":0}],"markers":[]}